Issue Type,Issue key,Issue id,Summary,Fix versions,Fix versions,Fix versions,Fix versions,Status,Created,Updated,Priority,Resolution,Affects versions,Affects versions,Affects versions,Security Level,Labels,Labels,Labels,Labels
New Feature,NAS-143004,160919,ER-11 in debug info,26.0.0-RC.1,27.0.0-BETA.1,,,Done,01/Sep/26 5:44 PM,28/Sep/26 11:01 AM,High,Complete,,,,,IX_EMPLOYEE,triage_skipped,,
Improvement,NAS-143189,161133,Debug should capture license features being used,26.0.0-RC.1,27.0.0-BETA.1,,,Done,04/Sep/26 7:33 PM,28/Sep/26 11:00 AM,High,Complete,,,,,IX_EMPLOYEE,triage_skipped,,
Bug,NAS-143839,161934,Disk Image import - Not correctly handling source image size,26.0.0,26.0.0-RC.1,27.0.0-BETA.1,N/A,Done,16/Sep/26 5:40 AM,23/Sep/26 11:57 AM,Low,Complete,26.0.0-BETA.3,,,,COMMUNITY_USER,doc_impact,tests_impact,
Bug,NAS-143940,162047,Access Settings Session Timeout doesn't work,26.0.0,26.0.0-RC.1,27.0.0-BETA.1,N/A,Done,18/Sep/26 10:55 AM,22/Sep/26 1:08 PM,Medium,Complete,SCALE-25.10.7 (Goldeye),,,,COMMUNITY_USER,doc_impact,tests_impact,
Bug,NAS-142604,160404,Update outdated contact details in the TNC CSR subject,26.0.0,26.0.0-RC.1,27.0.0-BETA.1,,Done,26/Aug/26 12:24 PM,22/Sep/26 7:23 AM,Low,Complete,Master - TrueNAS Nightlies,,,,IX_EMPLOYEE,,,
Bug,NAS-143821,161906,Update popup not showing the correct version,26.0.0,26.0.0-RC.1,27.0.0-BETA.1,N/A,Done,16/Sep/26 1:13 AM,17/Sep/26 10:49 AM,Low,Complete,SCALE-25.10.7 (Goldeye),,,,COMMUNITY_USER,,,
Bug,NAS-143878,161981,Edit SNMP Trap Alert Service form error,26.0.0-RC.1,27.0.0-BETA.1,,,Done,16/Sep/26 3:04 PM,17/Sep/26 10:29 AM,Undefined,Complete,26.0.0-RC.1,,,,doc_impact,IX_EMPLOYEE,tests_impact,triage_skipped
Bug,NAS-143641,161664,Web UI unavailable after OS upgrade on systems with many RSA-4096 certificates,26.0.0,26.0.0-RC.1,27.0.0-BETA.1,,Done,12/Sep/26 1:45 AM,16/Sep/26 3:11 PM,High,Complete,26.0.0-BETA.3,,,,COMMUNITY_USER,,,
Bug,NAS-143855,161956,Truesearch slowness for 1M files,26.0.0-RC.1,27.0.0-BETA.1,,,Done,16/Sep/26 10:08 AM,16/Sep/26 1:54 PM,Medium,Complete,26.0.0-BETA.3,,,,COMMUNITY_USER,,,
Bug,NAS-143753,161823,Editing a user changes the user's home directory to the parent,26.0.0,26.0.0-RC.1,27.0.0-BETA.1,N/A,Done,14/Sep/26 1:44 PM,16/Sep/26 11:14 AM,High,Complete,SCALE-25.10.7 (Goldeye),,,,COMMUNITY_USER,,,
Bug,NAS-143736,161800,Disk images exported from zvols cannot be moved from v25.10 to a v26-Beta-3,26.0.0-RC.1,27.0.0-BETA.1,,,Done,14/Sep/26 8:51 AM,16/Sep/26 6:55 AM,Medium,Complete,26.0.0-BETA.3,SCALE-25.10.7 (Goldeye),,,COMMUNITY_USER,,,
Bug,NAS-140894,157422,webshare doesn't allow option to continue if passkey reg fails,26.0.0-RC.1,27.0.0-BETA.1,,,Done,03/May/26 3:05 AM,15/Sep/26 3:52 PM,Medium,Complete,26.0.0-BETA.1,,,,COMMUNITY_USER,,,
Improvement,NAS-142433,160203,Identify USB passthrough devices by their physical port in the VM and Container UI,26.0.0-RC.1,27.0.0-BETA.1,,,Done,22/Aug/26 6:23 PM,15/Sep/26 3:52 PM,Low,Complete,,,,,IX_EMPLOYEE,triage_skipped,,
Bug,NAS-142970,160878,automated scheduled replication task bug,26.0.0,26.0.0-RC.1,27.0.0-BETA.1,,Done,01/Sep/26 2:01 AM,15/Sep/26 8:20 AM,Medium,Complete,26.0.0-BETA.3,,,,COMMUNITY_USER,doc_impact,tests_impact,
Bug,NAS-143219,161164,`Save And Go To Review` button is badly named,26.0.0,26.0.0-RC.1,27.0.0-BETA.1,N/A,Done,05/Sep/26 11:17 AM,15/Sep/26 8:19 AM,Low,Complete,26.0.0-BETA.3,,,,COMMUNITY_USER,,,
Improvement,NAS-143125,161069,License features are truncated on General Page,26.0.0,26.0.0-RC.1,27.0.0-BETA.1,N/A,Done,04/Sep/26 9:29 AM,15/Sep/26 8:18 AM,Low,Complete,26.0.0-RC.1,,,,IX_EMPLOYEE,,,
Defect,NAS-143578,161586,"test(api): pin the secure rename shape, and who may see which complaint",26.0.0-RC.1,27.0.0-BETA.1,,,Done,10/Sep/26 10:54 PM,15/Sep/26 7:54 AM,Low,Complete,27.0.0-BETA.1,,,,IX_AGENT,,,
Bug,NAS-142603,160403,Drop the TLS client authentication EKU from TNC and default CSRs,26.0.0-RC.1,27.0.0-BETA.1,,,Done,26/Aug/26 12:22 PM,14/Sep/26 11:41 AM,High,Complete,Master - TrueNAS Nightlies,,,,IX_EMPLOYEE,triage_skipped,,
New Feature,NAS-143012,160927,Adapt UI to the middleware entitlement engine,26.0.0-RC.1,27.0.0-BETA.1,,,Done,01/Sep/26 9:21 PM,14/Sep/26 12:09 AM,Blocker,Complete,,,,,doc_impact,IX_EMPLOYEE,tests_impact,triage_skipped
Bug,NAS-142731,160561,Dashboard nic  throughput graph only shows data from one nic in the bond,26.0.0-RC.1,27.0.0-BETA.1,,,Done,28/Aug/26 5:47 AM,13/Sep/26 9:45 AM,Low,Complete,Master - TrueNAS Nightlies,,,,COMMUNITY_USER,,,
Bug,NAS-142517,160288,"Storage Dashboard throws error, shows no pools",26.0.0,26.0.0-RC.1,27.0.0-BETA.1,,Done,24/Aug/26 9:07 AM,11/Sep/26 10:35 AM,Medium,Complete,26.0.0-BETA.3,,,,COMMUNITY_USER,doc_resolved,tests_impact,
Improvement,NAS-142916,160810,Fix broken CI,26.0.0-RC.1,27.0.0-BETA.1,SCALE-25.10.7 (Goldeye),,Done,31/Aug/26 6:35 AM,06/Sep/26 1:56 PM,High,Complete,,,,,IX_EMPLOYEE,triage_skipped,,
Improvement,NAS-142088,159593,Update Containers UI for middleware container.* API changes (container.delete is now a job with force/recursive options),26.0.0-RC.1,27.0.0-BETA.1,,,Done,06/Aug/26 6:06 AM,03/Sep/26 2:23 PM,High,Complete,,,,,IX_EMPLOYEE,triage_skipped,,
Bug,NAS-142222,159841,Complex audit log search terms are not stacking correctly,26.0.0-RC.1,27.0.0-BETA.1,N/A,,Done,17/Aug/26 10:17 AM,03/Sep/26 2:22 PM,Medium,Complete,SCALE-25.10.6 (Goldeye),,,,IX_EMPLOYEE,,,
Bug,NAS-142168,159752,Usage space indicator,26.0.0-RC.1,27.0.0-BETA.1,,,Done,14/Aug/26 5:54 AM,03/Sep/26 2:19 PM,Low,Complete,SCALE-25.10.6 (Goldeye),,,,COMMUNITY_USER,doc_resolved,release_notes_mention,tests_impact
Bug,NAS-142117,159632,[EFAULT] Failed to apply ACLs to the following paths: 1) /mnt/.ix-apps/app_mounts//state: [EPERM] /mnt/.ix-apps/app_mounts//state:,26.0.0-RC.1,27.0.0-BETA.1,N/A,,Done,07/Aug/26 8:44 PM,01/Sep/26 7:14 AM,Medium,Complete,Master - TrueNAS Nightlies,,,,COMMUNITY_USER,,,
Bug,NAS-142610,160410,Snapshot lifetime UI accepts -1 and 0,26.0.0-RC.1,27.0.0-BETA.1,N/A,SCALE-25.10.7 (Goldeye),Done,26/Aug/26 1:19 PM,31/Aug/26 3:36 PM,Low,Complete,26.0.0-RC.1,27.0.0-BETA.1,SCALE-25.10.6 (Goldeye),,IX_EMPLOYEE,triage_skipped,,
Defect,NAS-142560,160349,nfsd: don't modify a session slot when replaying its cached reply,26.0.0-RC.1,27.0.0-BETA.1,SCALE-25.10.7 (Goldeye),,Done,25/Aug/26 11:14 AM,31/Aug/26 3:35 PM,High,Complete,27.0.0-BETA.1,,,,IX_EMPLOYEE,triage_skipped,,
Defect,NAS-142303,159959,Set unicast_src_ip for VRRP instances so IPv6 adverts are received,26.0.0-RC.1,27.0.0-BETA.1,SCALE-25.10.7 (Goldeye),,Done,20/Aug/26 2:34 PM,31/Aug/26 3:34 PM,High,Complete,27.0.0-BETA.1,,,,IX_EMPLOYEE,triage_skipped,,
Defect,NAS-142264,159908,scst do not hold a list cursor across the scst_acg_del_lun mutex drop,26.0.0-RC.1,SCALE-25.10.7 (Goldeye),,,Done,19/Aug/26 12:40 PM,31/Aug/26 3:34 PM,High,Complete,Master - TrueNAS SCALE,,,,IX_EMPLOYEE,triage_skipped,,
Defect,NAS-142258,159898,scst keep the old acg installed during session reassignment,26.0.0-RC.1,SCALE-25.10.7 (Goldeye),,,Done,19/Aug/26 7:23 AM,31/Aug/26 3:34 PM,High,Complete,Master - TrueNAS SCALE,,,,IX_EMPLOYEE,triage_skipped,,
Defect,NAS-142234,159859,Use `configparser` to generate rclone configs,26.0.0-RC.1,27.0.0-BETA.1,SCALE-25.10.7 (Goldeye),,Done,17/Aug/26 2:34 PM,31/Aug/26 3:33 PM,Medium,Complete,27.0.0-BETA.1,,,,IX_EMPLOYEE,triage_skipped,,
Defect,NAS-142228,159853,sunrpc: treat empty auth.unix.gid replies as negative entries,26.0.0-RC.1,27.0.0-BETA.1,SCALE-25.10.7 (Goldeye),,Done,17/Aug/26 12:43 PM,31/Aug/26 3:33 PM,High,Complete,27.0.0-BETA.1,,,,IX_EMPLOYEE,triage_skipped,,
Defect,NAS-142227,159852,Drop kernel address refresh re-announcements in netlink monitor,26.0.0-RC.1,27.0.0-BETA.1,SCALE-25.10.7 (Goldeye),,Done,17/Aug/26 12:25 PM,31/Aug/26 3:33 PM,Medium,Complete,27.0.0-BETA.1,,,,IX_EMPLOYEE,triage_skipped,,
Defect,NAS-142161,159741,isert-scst fix NULL deref in isert_pdu_err on connection teardown,26.0.0-RC.1,SCALE-25.10.7 (Goldeye),,,Done,13/Aug/26 9:49 AM,31/Aug/26 3:32 PM,High,Complete,26.0.0-BETA.3,Master - TrueNAS SCALE,,,IX_EMPLOYEE,triage_skipped,,
Defect,NAS-142152,159723,Tolerate transient NTB blips before calling dlm.reset_active,26.0.0-RC.1,27.0.0-BETA.1,SCALE-25.10.7 (Goldeye),,Done,12/Aug/26 2:28 PM,31/Aug/26 3:29 PM,High,Complete,27.0.0-BETA.1,,,,IX_EMPLOYEE,triage_skipped,,
Defect,NAS-142126,159664,Make target unregistration safe against queued sysfs works,26.0.0-RC.1,27.0.0-BETA.1,SCALE-25.10.7 (Goldeye),,Done,10/Aug/26 9:43 AM,31/Aug/26 3:28 PM,High,Complete,Master - TrueNAS SCALE,,,,IX_EMPLOYEE,triage_skipped,,
Bug,NAS-142006,159490,Existing App keeps invalid NVIDIA GPU UUID after GPU replacement (TrueNAS SCALE 25.10.4),26.0.0-RC.1,27.0.0-BETA.1,,,Done,29/Jul/26 5:22 PM,22/Aug/26 5:43 PM,Low,Complete,SCALE-25.10.4 (Goldeye),,,,COMMUNITY_USER,hf_want,ready_for_assignment,
Bug,NAS-142191,159797,App upgrade job reports SUCCESS when the image pull fails (custom apps),26.0.0-RC.1,27.0.0-BETA.1,,,Done,16/Aug/26 3:04 AM,22/Aug/26 5:37 PM,Medium,Complete,SCALE-25.10.6 (Goldeye),,,,COMMUNITY_USER,,,
Bug,NAS-141762,159071,NVMe-TCP service creates wrong config when using associated hosts,26.0.0-RC.1,27.0.0-BETA.1,N/A,,Done,11/Jul/26 10:13 AM,20/Aug/26 9:55 AM,Medium,Complete,26.0.0-BETA.2,,,,bug,COMMUNITY_USER,scale,
Bug,NAS-142198,159806,Alert bug: Scrub for pool 'pool' is paused for more than 8 hours,26.0.0-RC.1,27.0.0-BETA.1,,,Done,16/Aug/26 9:40 AM,18/Aug/26 3:09 PM,Low,Complete,SCALE-25.10.6 (Goldeye),,,,COMMUNITY_USER,,,
Bug,NAS-141831,159170,Dataset ACL traverse check is too strict,26.0.0-RC.1,27.0.0-BETA.1,N/A,,Done,18/Jul/26 6:39 PM,16/Aug/26 3:21 PM,Low,Complete,26.0.0-BETA.2,,,,COMMUNITY_USER,,,
Bug,NAS-141792,159108,Dataset profile Apps overwrites user settings of Case Insensitive and Atime,26.0.0-RC.1,27.0.0-BETA.1,N/A,,Done,15/Jul/26 3:20 PM,16/Aug/26 3:20 PM,Low,Complete,SCALE-25.10.4 (Goldeye),,,,COMMUNITY_USER,,,
Bug,NAS-141753,159054,storage dashboard disk health panel becomes corrupted if not all devices in the pool have SMART values,26.0.0-RC.1,27.0.0-BETA.1,,,Done,10/Jul/26 9:44 AM,16/Aug/26 3:20 PM,Low,Complete,SCALE-25.10.4 (Goldeye),,,,COMMUNITY_USER,,,
Bug,NAS-142148,159713,Webshare can't share link with Chinese file name and Chinese file path,26.0.0-RC.1,27.0.0-BETA.1,N/A,,Done,12/Aug/26 4:10 AM,12/Aug/26 2:39 PM,Undefined,Complete,26.0.0-BETA.2,,,,COMMUNITY_USER,,,
Defect,NAS-142057,159556,Allow ALUA toggle when standby is unreachable,26.0.0-RC.1,27.0.0-BETA.1,27.0.0-RC.1,SCALE-25.10.6 (Goldeye),Done,04/Aug/26 9:06 AM,11/Aug/26 2:27 PM,High,Complete,27.0.0-BETA.1,,,,IX_EMPLOYEE,triage_skipped,,
Bug,NAS-141666,158929,"Truenas 26 Beta2: after migration of LXC's and deleting .ix-virt dataset, migrated LXC's do not work anymore",26.0.0-RC.1,27.0.0-BETA.1,,,Done,04/Jul/26 4:32 AM,10/Aug/26 10:54 AM,Medium,Complete,26.0.0-BETA.2,,,,COMMUNITY_USER,,,
Bug,NAS-141804,159124,'NoneType' object has no attribute 'replace' when trying to replace an unavailable disk,26.0.0-RC.1,27.0.0-BETA.1,,,Done,16/Jul/26 6:18 AM,04/Aug/26 4:55 PM,High,Complete,26.0.0-BETA.2,,,,COMMUNITY_USER,,,
Bug,NAS-141825,159154,VM ISO on TN 26 Beta 2 ends up 0 size,26.0.0-RC.1,27.0.0-BETA.1,N/A,,Done,18/Jul/26 1:53 AM,28/Jul/26 7:45 AM,Medium,Complete,26.0.0-BETA.2,,,,COMMUNITY_USER,,,
Bug,NAS-141470,158547,"In 26.0.0-BETA.2, Docker can't pull nontrivial images in *privileged* container",26.0.0-RC.1,27.0.0-BETA.1,N/A,,Done,19/Jun/26 1:41 AM,27/Jul/26 11:03 AM,Medium,Complete,26.0.0-BETA.2,,,,COMMUNITY_USER,,,
Bug,NAS-141845,159187,"mail.send omits Cc recipients from the SMTP envelope, so Cc addresses never receive the email",26.0.0-RC.1,,,,Done,20/Jul/26 11:22 AM,22/Jul/26 10:06 AM,Medium,Complete,26.0.0-BETA.3,,,,IX_EMPLOYEE,triage_skipped,,
Bug,NAS-141446,158482,Failed to configure docker for Applications 26.0.0-Beta.1 and 2,26.0.0-RC.1,27.0.0-BETA.1,N/A,,Done,17/Jun/26 5:23 PM,20/Jul/26 5:12 AM,Medium,Complete,26.0.0-BETA.2,,,,COMMUNITY_USER,,,
Bug,NAS-141692,158971,UPSLoadPlugin mislabels Netdata Watts chart as Percentage (regression from nut_ups.load → load_usage),26.0.0-RC.1,27.0.0-BETA.1,N/A,,Done,07/Jul/26 7:08 AM,19/Jul/26 6:45 PM,Low,Complete,26.0.0-BETA.2,,,,COMMUNITY_USER,,,
Bug,NAS-141550,158674,High CPU usage due to CLI redraw if a key input is stuck,26.0.0-RC.1,27.0.0-BETA.1,,,Done,24/Jun/26 4:04 PM,10/Jul/26 11:49 AM,Low,Complete,SCALE-25.10.4 (Goldeye),,,,IX_EMPLOYEE,,,
Bug,NAS-141703,158991,Review and update SMB audit log event type labeling in UI,26.0.0-RC.1,27.0.0-BETA.1,,,Done,08/Jul/26 8:14 AM,10/Jul/26 7:24 AM,Low,Complete,,,,,IX_EMPLOYEE,triage_skipped,,
Bug,NAS-141699,158985,Alert Emails Not RFC 5322 Compliant (gmail bounce),26.0.0-RC.1,27.0.0-BETA.1,N/A,SCALE-25.10.5 (Goldeye),Done,07/Jul/26 6:28 PM,10/Jul/26 7:06 AM,Medium,Complete,,,,,COMMUNITY_USER,,,
Bug,NAS-141609,158800,In Containers screen sort order is corrupted after update to Beta2,26.0.0-RC.1,27.0.0-BETA.1,N/A,,Done,30/Jun/26 1:19 PM,09/Jul/26 9:51 AM,Low,Complete,26.0.0-BETA.2,,,,COMMUNITY_USER,,,
Bug,NAS-141712,159008,Webshare session disconnect not allowing re-login until after long timeout or restart. ,26.0.0-RC.1,27.0.0-BETA.1,,,Done,08/Jul/26 5:32 PM,08/Jul/26 10:39 PM,Medium,Complete,26.0.0-BETA.2,,,,IX_EMPLOYEE,triage_skipped,,
Bug,NAS-141713,159009,Update to latest Golang for TrueSearch,26.0.0-RC.1,27.0.0-BETA.1,,,Done,08/Jul/26 5:45 PM,08/Jul/26 6:24 PM,Undefined,Complete,26.0.0-BETA.2,,,,IX_EMPLOYEE,triage_skipped,,
